{
  "rq_kmeans": {
    "name": "RQ-KMeans",
    "reconstruction_mse": 0.005532860290259123,
    "codebook_utilization_mean": 1.0,
    "codebook_utilization_per_level": [
      1.0,
      1.0,
      1.0,
      1.0,
      1.0,
      1.0,
      1.0,
      1.0,
      1.0,
      1.0
    ],
    "collision_rate": 0.010797999999999974,
    "entropy_mean": 0.9980883513283472,
    "entropy_per_level": [
      0.9890743868141103,
      0.996793562732008,
      0.9981557761214326,
      0.9991629128783033,
      0.9992525688914135,
      0.9995479734318329,
      0.9996539834513124,
      0.9997300180453885,
      0.999794407429466,
      0.9997179234882042
    ]
  },
  "pse_opq": {
    "name": "PSE/OPQ",
    "reconstruction_mse": 0.0008299874025397003,
    "codebook_utilization_mean": 1.0,
    "codebook_utilization_per_level": [
      1.0,
      1.0,
      1.0,
      1.0,
      1.0,
      1.0,
      1.0,
      1.0,
      1.0,
      1.0
    ],
    "collision_rate": 0.026097999999999955,
    "entropy_mean": 0.9932961475045643,
    "entropy_per_level": [
      0.9946371225393467,
      0.9941728974314048,
      0.9942717864536009,
      0.9933815967214881,
      0.9937601761106626,
      0.9929623749623698,
      0.9924920651328889,
      0.992075236023687,
      0.9926333388819736,
      0.992574880788221
    ]
  }
}